latitude,longitude
37.557822,126.822611032
37.5457337666,126.837553992
37.5323019,126.843815
37.532117,126.838533
37.5401017,126.839074
37.5503201,126.831027
37.551248,126.8377005
37.5536597,126.8291829
37.562025,126.840249
37.5648029,126.8446617
37.5606951,126.8425361
37.530958,126.849217
37.5327032,126.8524559
37.5351277,126.855313
37.532147,126.85806
37.533599,126.860173
37.533979,126.861588
37.553469,126.8621938
37.5557076033,126.83610183
37.562539,126.8465439
37.5627589,126.8110312
37.550429,126.8610512
37.5803891,126.8108471
37.569417,126.810033
37.571228,126.808358
37.5481774,126.8500391
37.5403602,126.847465
37.5481125,126.85254
37.539273,126.843663
37.5576234,126.81324
37.558943,126.809662
37.5390734,126.8556963
37.5420258,126.8616338
37.547477,126.8577618
37.5632004,126.821544
37.5682828,126.8174657
37.575537,126.814673
37.5769308,126.818936
37.5555119,126.8146107
37.5527743821,126.823844
37.5736852,126.8046641
37.5701684,126.8395913
37.5529744,126.8677461
37.573989,126.8135129
37.5704783,126.822935
37.5548065,126.8712574
37.5687036382,126.807498848
37.5521222,126.872373
37.551473,126.875539
37.554404,126.8421907
37.547055,126.844554
37.5347268,126.8360595
37.543208,126.8459269
37.566675,126.8521896
37.5617187,126.8586437
37.561171,126.8644193
37.5703714,126.8474442
37.5492011,126.846004
37.5443631,126.8315655
37.5427125,126.8330272
37.5500087,126.849063
37.551822,126.8549196
37.559692,126.847951
37.561389,126.8480367
37.5603228,126.8500834
37.555424,126.859332
37.5608016256,126.853766
37.538834,126.847243
37.485089,126.959438
37.6597665,127.0575035
37.492162,126.959278
37.4756972,126.9512177
37.464018,126.925415
37.467048,126.9274239
37.4894968,126.9468782
37.489766,126.948211
37.489742,126.948219
37.4767532754,126.959865624
37.4738722,126.964244
37.472093,126.920157
37.4605336,126.9206196
37.469235,126.9166531
37.4692357,126.9166531
37.4762101,126.9153179
37.4769379,126.9178433
37.461733,126.916719
37.4624143,126.9180741
37.4850413,126.9221169
37.47838,126.9134662
37.4818537,126.912415
37.4821964,126.922468
37.4752921,126.9644352
37.4745654,126.972834
37.473601,126.9740756
37.4678163,126.940952
37.468012,126.940992
37.478773,126.929357
37.4779763,126.9126806
37.4771503,126.9272999
37.4719665271,126.912189332
37.473654,126.919802
37.473787,126.920254
37.493126,126.927367
37.4900948,126.9298977
37.4811753,126.9560764
37.481192,126.956066
37.4874654,126.9369662
37.485148,126.939675
37.4855674,126.941936
37.4768877,126.934115
37.4910197,126.9556171
37.4790524,126.963441
37.4820145169,126.902892885
37.4717141,126.937152
37.471726,126.937141
37.4863192,126.9151491
37.485256,126.947208
37.4854747,126.9492175
37.4740592665,126.932255608
37.4868591,126.9429033
37.486867,126.9429033
37.484844,126.914908
37.484114,126.9094507
37.477065816,126.940392857
37.4808067,126.9428902
37.4808067,126.942885
37.4897327,126.958378
37.489072,126.960085
37.4663999169,126.930942225
37.482788,126.9563611
37.4829254,126.9578363
37.482946,126.957826
37.4626215,126.9323353
37.462655,126.932314
37.491254,126.882454
37.486014,126.876892
37.499552,126.889366
37.487184,126.852844
37.488569,126.850052
37.489738,126.858371
37.490828,126.857951
37.482858,126.850545
37.484691,126.851926
37.500666,126.856994
37.498149,126.842328
37.495947,126.842799
37.489624,126.826515
37.5473351,126.9768814
37.490421,126.827693
37.497429,126.865972
37.502819,126.864935
37.506276,126.856799
37.497362,126.839734
37.499496,126.842183
37.497683,126.844997
37.504699,126.844375
37.504546,126.846112
37.504882,126.849058
37.488008,126.881845
37.490942,126.887203
37.486007,126.884695
37.495045,126.892311
37.496915,126.885806
37.488806,126.835182
37.491746,126.874349
37.492795,126.872928
37.489158,126.877571
37.485301,126.884074
37.488265,126.895119
37.484827,126.890596
37.484935,126.889278
37.494071,126.825993
37.494894,126.834389
37.49354,126.834631
37.495235,126.817374
37.497834,126.822241
37.505015,126.887942
37.486689,126.831364
37.489606,126.838711
37.492367,126.843062
37.506927,126.879493
37.50727,126.876494
37.512325,126.883397
37.47691,126.8241553
37.485482,126.823395
37.487735,126.825157
37.491162,126.842017
37.49164,126.842809
37.492319,126.834631
37.488971,126.835295
37.49681,126.829017
37.499261,126.86537
37.4838959,126.8410648
37.481404,126.837014
37.476016,126.891713
37.475776,126.890237
37.47232,126.893007
37.447427,126.916426
37.454828,126.897608
37.47812,126.896449
37.479638,126.905967
37.449855,126.907253
37.448573,126.904304
37.454644,126.904958
37.460455,126.902101
37.471725,126.908326
37.448853,126.903493
37.45895,126.906171
37.459687,126.909044
37.466715,126.908975
37.467721,126.907262
37.472999,126.905858
37.465793,126.907184
37.474613,126.904109
37.476876,126.907771
37.6486279,127.0834333
37.47709,126.90919
37.475454,126.909492
37.467249,126.890972
37.464453,126.893515
37.482621,126.884455
37.465514,126.900057
37.440234,126.907423
37.477391,126.902495
37.47686,126.900953
37.441816,126.908303
37.446647,126.905247
37.446718,126.908245
37.448229,126.900257
37.474777,126.899464
37.456392,126.901589
37.460122,126.900294
37.462974,126.90072
37.464258,126.900288
37.447009,126.899507
37.458229,126.896205
37.451672,126.916887
37.452434,126.914914
37.45465,126.912623
37.458595,126.888356
37.5060798,126.9535841
37.4932600531,126.936019646
37.5100908,126.9537363
37.5005994,126.9253563
37.4822359,126.9785565
37.4830324,126.9787548
37.4827683,126.9774988
37.4942206,126.9770792
37.4960102,126.9817887
37.5089070338,126.932975132
37.5105474,126.9485347
37.5082455,126.9433211
37.5095412,126.9477571
37.5069456,126.9512421
37.4886163,126.9651073
37.4851433,126.972394
37.4885888366,126.97206659
37.4844848,126.9758314
37.4882193,126.975172
37.4816149,126.9793688
37.4807693,126.9806795
37.5035024,126.9496786
37.5013154,126.9514916
37.498045856,126.950282576
37.4949853,126.9527374
37.5031946,126.9602147
37.505334,126.960245
37.496778,126.9352939
37.4986394,126.9370792
37.4997141,126.9373558
37.4977312,126.933186
37.4821306,126.9660323
37.4829857,126.9672688
37.4891543,126.9073747
37.4889831201,126.914842462
37.5102562,126.9265808
37.4973908382,126.944257806
37.4956159,126.941139
37.4975519,126.9444263
37.4991639,126.9466497
37.5024623,126.9464077
37.4952734402,126.911691628
37.4957958,126.9160739
37.4992729,126.9263253
37.4983617,126.9211621
37.50881,126.9318509
37.5045718,126.9229536
37.5089258,126.929207
37.5004006,126.9440809
37.5113579,126.9409291
37.5089816,126.9426084
37.5014791,126.9399433
37.5084802,126.9650367
37.5064905,126.955905
37.5088159,126.9603799
37.5046357172,126.965111957
37.5426573,126.9364116
37.5442479,126.937809
37.5384272,126.9494344
37.5395033569,126.951590224
37.538243,126.950425
37.546231,126.9374573
37.5379978285,126.945485786
37.5457002,126.9537786
37.5402588,126.9538738
37.5796975,126.8821522
37.5796975,126.882158
37.580353,126.8811065
37.5855241,126.880641
37.542499,126.9461953
37.4767682,126.9890543
37.4907387,126.9865099
37.4963529,126.9898009
37.4871653,126.9874257
37.4783196,126.9845727
37.4889507,126.9884182
37.5027416,126.9910992
37.502792,126.9910688
37.4657896,126.9887801
37.4763718,126.9901376
37.535612,126.825367
37.531315,126.8247283
37.5297015,126.835746
37.530862,126.8358401
37.53779,126.8241074
37.6665061,127.0813434
37.529559,126.8299687
37.5277047,126.834015
37.523505,126.837462
37.522058,126.835878
37.520698,126.840067
37.512419,126.839855
37.510903,126.868561589
37.5062064,126.8651243
37.5149985,126.8725405
37.5269904,126.8730106
37.533911,126.8809454
37.5345944,126.8847018
37.5131601,126.8605838
37.5224861,126.8721597
37.5221328065,126.877790964
37.5231041,126.872139
37.517160626,126.856553
37.5100874,126.8599994
37.515519,126.871488
37.5292499793,126.867095007
37.5118348,126.8699775
37.5230403,126.862391
37.5236502,126.8616404
37.523939,126.862155
37.513600678,126.869706197
37.523899,126.8671743
37.5341289,126.8730672
37.539193,126.8794362
37.5205957,126.8625771
37.5414738,126.8816618
37.5329094,126.8716045
37.5407511,126.864345
37.5402835,126.8764371
37.5427277,126.8824793
37.5357019,126.8716258
37.5451905,126.8819412
37.5370581,126.8703211
37.522863,126.858452
37.525867,126.857291
37.525717,126.841556
37.5416376,126.8698028
37.539529,126.867725
37.546331,126.870203
37.5437143,126.8744087
37.545444,126.878038
37.548809,126.867687
37.5464859,126.8649065
37.5347303,126.867409
37.519645,126.8727799
37.5169227,126.8726846
37.5162142,126.835967
37.521766,126.8468967
37.5159595,126.8341623
37.516867,126.8400995
37.5194184,126.840975
37.5119007,126.8529747
37.5110164,126.8540515
37.512825,126.855145
37.5127825,126.8371854
37.512894,126.8450848
37.5129273,126.8387903
37.5133702,126.829358152
37.5139921,126.8320256
37.526814,126.858316
37.526346,126.857032
37.527432,126.859116
37.5328933,126.8863349
37.5240784,126.8479995
37.5223088,126.8409133
37.5226148,126.8440965
37.525613,126.844791
37.5260258,126.851138
37.524254,126.860513
37.5210202,126.841275
37.524653,126.8400781
37.542816,126.8295869
37.542668,126.828533
37.528832,126.837666
37.540453,126.8330257
37.5409075,126.832709
37.524197,126.8387504
37.5162714,126.844269
37.516375041,126.856634416
37.5153939,126.853812
37.518774,126.850144
37.520019,126.835471
37.5219072,126.832355
37.522919,126.830974
37.520838,126.8339068
37.520371,126.831839
37.5384029,126.823381
37.497999,126.894845
37.502352,126.900249
37.503707,126.902462
37.50796,126.907033
37.505349,126.921226
37.512933,126.898260592
37.517834,126.934133
37.527007361,126.907703721
37.531959,126.899732
37.525209,126.893596
37.524812,126.898217
37.528706,126.897104
37.565036,127.034625
37.493508,126.900409
37.49588,126.898831
37.492244,126.905821
37.497987,126.910927
37.498986,126.913041
37.497784,126.91323
37.498772,126.900881
37.506234168,126.895152695
37.5057415419,126.900622815
37.500685,126.895727
37.509968,126.918009
37.509246,126.917206
37.503145,126.897312
37.5105463373,126.901385562
37.510719992,126.902141
37.496264,126.906951
37.51854,126.893216
37.519495,126.887657
37.528438,126.908484
37.528402,126.8944208
37.532337,126.896787
37.526378,126.889725
37.5160567828,126.885316153
37.532816,126.892794
37.539774,126.896368
37.5225227458,126.885695401
37.5236245376,126.888358
37.526829,126.88736
37.487353,126.902448
37.503962,126.910783
37.509564,126.911892
37.494892,126.908145
37.501423,126.908874
37.497564,126.906102
37.502369,126.906152
37.505557,126.913438
37.506509,126.912233
37.50708,126.911729
37.507661,126.907811
37.523659,126.903814
37.525231,126.890011
37.537874,126.895548
37.54011,126.89215
37.519747,126.922807
37.505832,126.922179
37.522829,126.936812
37.498165,126.918688
37.50267,126.919148
37.514258,126.916489
37.53084,126.905173
37.528458,126.904777
37.52708,126.920824
37.531081,126.91655
37.5362266,126.951664
37.5204878,126.9758833
37.5365099,126.9650126
37.5212896,126.9922356
37.5453333,126.9894226
37.5361201,126.9881301
37.5407873,126.9611393
37.5356168,126.9725506
37.5252304,126.9651081
37.5428557,126.9696247
37.5357085,126.952766
37.5207254,126.9778658
37.5387085,126.9578646
37.5210267,126.973109
37.5347624,126.9504285
37.5404801,126.9907151
37.5183413,126.9774409
37.5195299,126.9812777
37.5196564,126.9768398
37.5205242,126.9677805
37.5269363,126.9544859
37.51098,127.026898
37.492918,127.032854
37.50817,127.026032
37.495751,127.075096
37.479431,127.05024
37.480723,127.051863
37.486154,127.057776
37.490366,127.069478
37.488833,127.071487
37.494007,127.077734
37.497027,127.077977
37.477164,127.050117
37.475673,127.05209
37.478521,127.051249
37.486135,127.099054
37.481434,127.086519
37.486412,127.086039
37.483221,127.078254
37.487072,127.098347
37.490984,127.101549
37.487263,127.105105
37.494332,127.064693
37.486284,127.036781
37.520723,127.025976
37.490439,127.040186
37.484042,127.043583
37.475915,127.048578
37.490733,127.0385
37.494809,127.044725
37.499797,127.056227
37.496568,127.058851
37.497352,127.058723
37.52208,127.040066
37.52208,127.040023
37.526323,127.048148
37.473719,127.099704
37.474559,127.108267
37.469884,127.104503
37.51276,127.050498
37.513102,127.046914
37.510367,127.051243
37.514363,127.054425
37.511759,127.055454
37.50145,127.05635
37.517579,127.053437
37.519926,127.0451
37.49385,127.06426
37.495794,127.060297
37.49987,127.061603
37.506634,127.051164
37.483431,127.061678
37.515448,127.039009
37.522588,127.043338
37.492828,127.053148
37.494282,127.053498
37.481277,127.058657
37.512535,127.039708
37.499321,127.054928
37.530019,127.028845
37.52931,127.035598
37.525052,127.049284
37.6525531,127.040553
37.52336,127.024026
37.531671,127.031165
37.527973,127.04527
37.490853,127.083513
37.493156,127.090993
37.493117,127.087575
37.490969,127.062459
37.523923,127.03222
37.479109,127.055437
37.511421,127.035354
37.525305,127.036309
37.494989,127.045531
37.503881,127.063365
37.501305,127.048933
37.503899,127.063644
37.50185,127.065542
37.486627,127.070987
37.48795,127.073678
37.489835,127.076291
37.500194,127.066938
37.484242,127.082553
37.49225,127.080876
37.493297,127.085913
37.491666,127.082926
37.485911,127.082191
37.483797,127.080851
37.472191,127.0996
37.476549,127.111611
37.468857,127.09103
37.497106,127.035679
37.504967,127.037559
37.522646,127.05764
37.511241,127.028969
37.517528,127.04747
37.517216,127.037152
37.520135,127.060981
37.519322,127.046511
37.6571082049,127.03773352
37.4642,127.105632
37.46682,127.096934
37.547599,127.074938
37.544433,127.086715
37.549073,127.060671
37.542934,127.071203
37.542822,127.077355
37.541318,127.079921
37.539328,127.086356
37.536186,127.081554
37.552987,127.070716
37.461499,127.038198
37.544349,127.068828
37.55132,127.070383
37.55857,127.082342
37.566152,127.078271
37.565124,127.080187
37.566295,127.063006
37.534572,127.066967
37.533767,127.06619
37.53078,127.062416
37.570346,127.078826
37.554292,127.068994
37.570679,127.078049
37.570926,127.071484
37.566096,127.077882
37.536087,127.053441
37.566069,127.075993
37.569899,127.072668
37.534239,127.072745
37.536405,127.06019
37.534686,127.06336
37.532878,127.081938
37.537239,127.06244
37.5351,127.069384
37.533347,127.068158
37.531101,127.080938
37.555785,127.067272
37.556209,127.070827
37.542766,127.062718
37.536965,127.07707
37.536795,127.077327
37.538766,127.076383
37.536172,127.079839
37.54006,127.077563
37.570457,127.083659
37.566735,127.086381
37.556563,127.076229
37.52999,127.073328
37.530017,127.0733
37.546694,127.085584
37.531156,127.081549
37.532877,127.066464
37.558236,127.080604
37.557931,127.08191
37.557168,127.064697
37.553551,127.073198
37.549473,127.084788
37.549595,127.085389
37.57114155,127.057703353
37.569807,127.060092
37.56894421,127.0669403
37.5657342,127.0713495
37.5673199,127.0727097
37.57007078,127.0726995
37.5650705,127.0638865
37.5628519,127.0713627
37.5671669,127.0564912
37.569003,127.0554295
37.5640193,127.069485
37.5643765,127.0613465
37.5555103,126.9559661
37.6575825684,127.029886915
37.5535966,126.9495758
37.5483494,126.9265893
37.5490284045,126.929489996
37.5522966,126.9608016
37.574336,126.8903822
37.5580769107,126.898307914
37.5608234,126.9008405
37.5486147,126.9440167
37.548669,126.9440167
37.5548546,126.9393201
37.5548546,126.939314
37.550162,126.947796
37.567456,126.9080453
37.565336,126.909024
37.561824,126.919295
37.5635098256,126.919167412
37.5601072,126.9134939
37.5621879,126.9163725
37.5605954796,126.910926448
37.5545628,126.9384358
37.5534098,126.9111567
37.5546731,126.925167
37.5519809,126.928204
37.5562356,126.9300934
37.5582046,126.9023504
37.5672887,126.9052439
37.5666246,126.911279
37.5696987915,126.901416294
37.5759905,126.8922651
37.5684944,126.9086641
37.5712061,126.9051164
37.5781678,126.8947156
37.552418,126.919813
37.5485756,126.932464
37.584535,126.922319
37.578006,126.913035
37.577685,126.907464
37.565347,126.962782
37.570385,126.959666
37.583552,126.928514
37.582022,126.924113
37.584244,126.942932
37.585093,126.943084
37.574695,126.918151
37.582206,126.930689
37.563671,126.953412
37.559433,126.951959
37.560729,126.942557
37.597265,126.949721
37.590337,126.945194
37.557632,126.931436
37.564327,126.944251
37.557798,126.933906
37.569222,126.933772
37.569452,126.937294
37.557969,126.947826
37.562735,126.947323
37.578348,126.923966
37.579748,126.918057
37.589126,126.919515
37.563179,126.965787
37.568806,126.963085
37.579522,126.951634
37.583437,126.947237
37.586142,126.949475
37.58582,126.94872
37.586488,126.951501
37.590144,126.943955
37.59292,126.944555
37.484622,127.0310582
37.5027958,127.0151377
37.500647,127.0165694
37.6583039096,127.027607019
37.5010268,127.0095516
37.5170464,127.0116439
37.5113149,127.012021
37.4746298,127.0002477
37.4841569,127.0284114
37.4801745,127.0098006
37.4851011,127.0222731
37.48642194,127.0314197
37.4711033,127.0489979
37.47435569,127.0311795
37.473765,127.0316178
37.4721905,127.0239065
37.5068308,127.0008832
37.4853425,126.9982024
37.4917669,127.0180788
37.4969869,126.9967752
37.4974379,127.0003038
37.5061857,127.0124612
37.499331,127.0242296
37.4913032,127.0259307
37.4925169,127.0218007
37.4947315,127.0267841
37.4985336,127.0155431
37.4899286,127.0158653
37.5012633,127.0108398
37.5099591,127.0184672
37.5048482,126.9944697
37.50185855,126.998053
37.5044669,126.9964732
37.5049871,126.995664
37.5098757,127.0109679
37.4560854,127.0162166
37.45652907,127.0189383
37.4710476,127.0420771
37.50904489,127.004773
37.5081687,127.0036319
37.5152074,127.0102178
37.447737,127.0577441
37.46470939,127.0237457
37.4603732,127.0921844
37.4539774,127.0613427
37.4806567,126.9961191
37.4873913,127.0237173
37.5564828274,127.03527436
37.5564432,127.034601
37.5545318506,127.02609293
37.5562227,127.0197352
37.5459839,127.021758
37.5487913111,127.023112471
37.553615,127.024876
37.5422258,127.0141937
37.5460601,127.017485
37.5453287728,127.017941
37.5498491,127.0311323
37.5538630841,127.034055406
37.5502519492,127.033827432
37.553126,127.0312878
37.5542158,127.0694688
37.5464613636,127.010012377
37.540391,127.0468669
37.5404360421,127.058068919
37.5677587,127.025528
37.5677035,127.0277668
37.5681237525,127.035107796
37.5651936,127.0464841
37.566426,127.0454726
37.5522036,127.0203276
37.5691083388,127.032672323
37.5660906,127.0335741
37.5614705,127.0306547
37.5632029,127.029515
37.560837,127.0320321
37.5592055,127.0488524
37.562834,127.047835
37.5577347,127.0506164
37.5394137,127.0464685
37.5436794,127.0502832
37.544058,127.0631573
37.5607767,127.0535444
37.5623123,127.055149
37.5611850381,127.05640087
37.5702217535,127.03344254
37.5404159,127.012722
37.5418092,127.0156748
37.557565,127.0293584
37.557465,127.023576
37.5940409,126.9912731
37.5027584,127.1048724
37.503545,127.1122247
37.5034276476,127.08572132
37.5015071,127.0927452
37.504517,127.102431
37.502878,127.106653
37.507711,127.107597
37.505896,127.109705
37.5058262,127.0863534
37.5084993,127.094988
37.508405,127.0949748
37.5103926,127.0890283
37.5060548,127.1014705
37.5003769,127.1198579
37.501047,127.115237
37.4994062,127.1135642
37.5001667,127.1076957
37.5001667,127.107614
37.498614,127.102596
37.5068634,127.1021089
37.504668,127.1173577
37.504712,127.120402
37.5137862,127.0953838
37.5147399506,127.081635084
37.5071595,127.084294
37.507822,127.074212
37.5058275216,127.075766882
37.5141325,127.0879195
37.4893692,127.1110221
37.592614,126.9121215
37.5976771,126.9048
37.5962976106,126.9076396
37.5850457,126.9217386
37.588281,126.9217624
37.584587,126.9180933
37.613278,126.910725
37.613139,126.9119458
37.616055,126.914224
37.6256243,126.9149572
37.6056209,126.907072
37.6092227,126.9058482
37.609239,126.9058482
37.615538,126.9111987
37.619722,126.9126173
37.623555,126.913447
37.6006912,126.904802
37.6000472,126.914225
37.604894,126.928055
37.604291,126.926111
37.6540608,126.950331
37.588838,126.922725
37.5981837,126.9281816
37.5905111346,126.925112043
37.6162634,126.932639
37.6134285463,126.930720412
37.620489,126.934244
37.6124476,126.9094685
37.5850571,126.895422
37.585073,126.8954934
37.6101791,126.9151623
37.6262605,126.9282737
37.608195,126.917391
37.613523,126.9135372
37.6132233,126.9195423
37.6183134,126.9169211
37.6192867,126.9166431
37.620805,126.9294874
37.6238264,126.924019
37.623843,126.9240662
37.6231818173,126.9262941
37.6019568,126.9341059
37.601973,126.9341059
37.599004,126.9114685
37.6017363,126.9142657
37.5979615,126.9188333
37.597978,126.9188333
37.5923108,126.9074411
37.592327,126.9074411
37.5855516,126.8994297
37.6044835,126.9232067
37.586837,126.9189653
37.590942,126.919501
37.5941931,126.9192887
37.593914,126.921523
37.596197,126.912308
37.5821614,126.9043095
37.5839762,126.907226
37.632607,126.9209282
37.6304386,126.9236287
37.6327684,126.929152
37.632785,126.9291409
37.6347136025,126.930958964
37.6370354,126.917566
37.6351712,126.9200278
37.6443251537,126.924813306
37.645052,126.9291301
37.6480691262,126.929827064
37.6066376,126.926723
37.604196,126.9188633
37.6065618716,126.935057489
37.615361,126.9262062
37.6118312,126.9261543
37.6177491,126.9275474
37.617722,126.923779
37.5799027,126.9855858
37.6108309,126.9560699
37.574721,126.965217
37.575477,126.969952
37.5772345,126.9668504
37.5748894,126.9878998
37.6015004,126.963076
37.6033878,126.9608999
37.5727172,126.9644381
37.580716,126.967169
37.5859741,126.9691707
37.5847697,126.9710634
37.6001344,126.9594842
37.5883981,126.9660043
37.5985179,126.960504
37.582135,126.970311
37.5741434,126.9602252
37.614309,126.977438
37.606437,126.968167
37.5845561,126.9676572
37.6005802,126.956708
37.5797195,126.973221
37.563965,127.0237741
37.568784,127.022284
37.558812,127.014323
37.567567,127.015011
37.551449,127.011218
37.549369,127.011859
37.567262,127.0183142
37.557162,127.016743
37.561608,127.019338
37.552446,127.009394
37.552539,127.010899
37.568642,126.974556
37.5553533,127.011848
37.554461,127.014231
37.554302,127.008224
37.559141,127.009055
37.546567,127.008951
37.555723,126.967583
37.562155,126.983765
37.56393448,126.973035
37.557667,126.988095
37.556575,126.964102
37.558827,126.967101
37.559911,127.0114141
37.560917,127.014567
37.562236,127.014143
37.557611,126.995473
37.5558283,126.981074
37.559816,126.986781
37.561902,127.001826
37.556686,126.9787684
37.563011,127.020756
37.563273,127.020104
37.5394027,127.0049009
37.5327423,126.9967117
37.5512765,126.9823408
37.5479929,126.9642522
37.5286852,126.9996299
37.5520253,126.9781855
37.5288135,127.0009539
37.5236209,126.9940304
37.5353499,126.9954026
37.537348,127.0118933
37.534572,127.0005085
37.525911,127.1337598
37.5582554,127.158909
37.5536692,127.1305028
37.5532256893,127.137505
37.5561083,127.1373773
37.5545423636,127.142569508
37.5530322,127.14682
37.5523674081,127.152619264
37.5562973,127.1656874
37.5603217,127.1694389
37.5618681803,127.180268863
37.5416383,127.1308643
37.5441771,127.1333855
37.5473577,127.1364529
37.5511121799,127.169247681
37.5507799,127.1721839
37.5458079,127.131908
37.5520025,127.1690875
37.5529037,127.168472
37.5488256,127.1535042
37.5584546,127.1531803
37.5605922,127.1557401
37.5589001,127.1607706
37.5598384,127.1531555
37.5305225,127.1430056
37.5223146,127.1393877
37.5411928,127.1468757
37.5512241,127.1507304
37.5409577,127.149988967
37.552482,127.1256829
37.5476037,127.1528696
37.5462769,127.163933
37.5478997,127.1329509
37.5461063,127.1304605
37.5505729,127.1249616
37.5465048,127.124518
37.548479,127.1535579
37.5548237,127.1733219
37.5505854,127.1749825
37.5291763,127.1283448
37.5259831,127.1291451
37.5304930519,127.126625911
37.5314221,127.1224451
37.540569,127.137571
37.5291432,127.1316972
37.5408215,127.1336179
37.55586966,127.1347874
37.5610786,127.1663766
37.5649609,127.1771117
37.5631469484,127.178320637
37.5521359,127.1356972
37.5229326,127.1339492
37.5333784,127.1363923
37.5380968,127.143502176
37.5435458,127.1428147
37.5427659,127.1473249
37.5427864,127.1473249
37.5445763,127.1406641
37.5478059,127.1459154
37.5568446,127.1460547
37.5569641818,127.151306748
37.5260751,127.1375921
37.5521687,127.1279082
37.5558399,127.1284369
37.5554704238,127.131679477
37.5431938,127.1273666
37.5497646,127.1243645
37.531761,127.1415805
37.5398986,127.1297892
37.529447,127.1460489
37.5448184,127.1288199
37.5434629,127.1278081
37.5428867,127.137844603
37.5431379,127.1393804
37.5471517,127.1723531
37.5378116,127.1426993
37.5361816,127.1445702
37.5377155,127.1478568
37.5690817,127.1785799
37.5283976,127.1413645
37.5304122,127.1268502
37.531341,127.1396925
37.63465,127.01885
37.63375,127.03203
37.61468,127.02809
37.61968,127.02448
37.6423038128,127.020988617
37.6414975519,127.01413
37.6541187599,127.01202
37.65867,127.01042
37.61608,127.01548
37.6149060968,127.02373548
37.6217,127.01686
37.6232937742,127.016148646
37.62782,127.01991
37.6282961395,127.015506277
37.63125,127.02029
37.6309988903,127.01702
37.6387115988,127.015005391
37.6238857893,127.029714831
37.62514,127.028872556
37.6218238157,127.012405758
37.6215317016,127.014131997
37.63207,127.02172
37.6135304055,127.034254754
37.6187457787,127.03261
37.62903,127.04001
37.6170017897,127.031465458
37.62785,127.03922
37.61783,127.03351
37.6234190337,127.046574693
37.6309562675,127.011922404
37.6430513409,127.009137006
37.64528,127.01048
37.63232,127.01141962
37.64463,127.01019
37.63732,127.033205211
37.62764,127.04204
37.63491,127.03569
37.64014,127.02916
37.64393,127.01933
37.64303,127.01502
37.538767,127.096159
37.544266,127.096242
37.544337,127.096228
37.548462,127.092186
37.548432,127.102936
37.537156,127.090076
37.540118,127.090531
37.53074,127.087521
37.532906,127.087327
37.531018,127.087521
37.542183,127.100547
37.540822,127.098936
37.543127,127.093437
37.542405,127.089659
37.541017,127.094937
37.541433,127.098381
37.554126,127.095297
37.55338,127.090046
37.554876,127.093909
37.552015,127.090381
37.547682,127.089215
37.550188,127.087477
37.532823,127.087327
37.6482929,127.025917
37.6508453,127.0279643
37.6510868,127.0305925
37.6509601,127.0344914
37.6529105,127.0318063
37.6568264215,127.049333534
37.649242,127.0509338
37.656749,127.0456386
37.650390623,127.04733036
37.6471695,127.0476797
37.6478402,127.0522016
37.6413368,127.0409612
37.6361731,127.0421969
37.642922788,127.038777822
37.6400934,127.0413047
37.6397587,127.0418041
37.6396519,127.0428491
37.6429724,127.0415487
37.6664179,127.0349032
37.6640285,127.0321675
37.6573827,127.0404858
37.6575017,127.0408123
37.6652429,127.0373617
37.6561144,127.0347544
37.6575153,127.0405866
37.6573644,127.0404264
37.6599068,127.0431592
37.677656,127.0440422
37.6793783,127.038218
37.6421639,127.0532892
37.6608707801,127.047500213
37.6654300761,127.046668935
37.6577174,127.0463946
37.6614988112,127.045084329
37.6612213,127.0324535
37.6609904,127.0255131
37.663831,127.0490956
37.6648067,127.0410685
37.6588094,127.0389515
37.654152,127.01395
37.6532035,127.0139875
37.6598464251,127.027457992
37.6659578,127.0292294
37.6718842,127.0402882
37.655351,127.0268289
37.6585731,127.0312223
37.6692804,127.032581
37.6326698,127.0408596
37.6489734,127.024308
37.6565427,127.015283
37.6492018,127.0252286
37.6945202,127.0421215
37.6528547,127.0430751
37.6551924,127.0446861
37.6586809094,127.033096857
37.6584988,127.0221014
37.6485286,127.0440451
37.58574501,127.0394775
37.59395157,127.0548858
37.5858976,127.0395874
37.57530824,127.0391472
37.5716501,127.0761257
37.576049,127.0471757
37.58038946,127.0535852
37.5717651,127.0577463
37.57387476,127.0660298
37.5718166,127.0642055
37.57234503,127.0685733
37.5738145,127.0732688
37.5870878,127.0576884
37.5857622,127.0581161
37.5821589,127.0311722
37.5764921,127.0604586
37.5772892,127.0653602
37.58008059,127.0659414
37.57180206,127.0512824
37.574489,127.0542426
37.5811645,127.0706374
37.5806654,127.0526528
37.60204,127.0641929
37.583038,127.0347893
37.5839428,127.0342008
37.58372345,127.0346575
37.59806481,127.0656487
37.5928233,127.059318
37.57855561,127.0757645
37.5859982,127.0701535
37.5805755,127.0562692
37.57908644,127.061138
37.5854619,127.0540414
37.59934457,127.0577394
37.5730675,127.0433249
37.5757428,127.0288848
37.5727806,127.0369829
37.5827783,127.0687172
37.59917356,127.0678844
37.5716819,127.067234
37.57128823,127.0682469
37.575674718,127.066994102
37.5999747,127.0685006
37.6039887,127.0667747
37.57405193,127.0453445
37.59067813,127.0544956
37.5909629,127.0474406
37.5891697,127.0477488
37.5919847,127.0558443
37.5926751,127.0567777
37.6138873,127.0170282
37.6083303,127.0188388
37.6022014,127.0212171
37.6035622,127.0198289
37.6038832,127.0207318
37.6094377,127.0586569
37.6108657,127.0587533
37.6166969,127.0534217
37.5937453,127.0131031
37.599028,127.0233899
37.6157955,127.0049727
37.6105577,127.0093532
37.6137458,127.0110915
37.5839926,127.0203641
37.5866709,127.0173862
37.5861798,127.0125195
37.59165365,127.0221474
37.5845945,127.0166844
37.5828688,127.0168792
37.5975051,127.0199016
37.5938951,127.0232532
37.5881919,127.0141472
37.60954002,127.0226511
37.6097121,127.0229093
37.6105142,127.0215272
37.6087686,127.0247485
37.6091192,127.0218298
37.6124264,127.0134264
37.61630277,127.010289
37.61603256,127.0091835
37.6048317,127.0157068
37.60713001,127.0163762
37.6089012,127.0167359
37.59405236,126.9987771
37.5940033,126.9950965
37.5910096,127.0032284
37.5896356,127.0059087
37.590043,127.0061388
37.5947663,127.0104379
37.5956569,127.011768
37.6101406,127.0049721
37.6196747,127.0052212
37.609716,127.0078342
37.5979453,127.0133571
37.5958349,127.017875
37.5972726,127.0121158
37.5991153,127.0160086
37.5790318,127.0235617
37.5821321,127.0234341
37.60412684,127.0370454
37.6111845,127.0358485
37.6056621,127.0382868
37.6086811,127.0383578
37.6043786,127.0400044
37.6161682,127.0410615
37.5969008,127.0391028
37.598358,127.0403502
37.5997815,127.0363501
37.5871519,127.022577
37.5856466,127.0214146
37.6062049,127.0439857
37.6167024,127.0479449
37.6098764,127.046418
37.6190738,127.0538718
37.6118041,127.0499238
37.614081,127.0404596
37.6131154,127.0434906
37.6039265,127.013379
37.6030365,127.0143726
37.6038358,127.0076054
37.6038657,127.0158033
37.6016762,127.0275455
37.608359,126.9970655
37.6120423,127.0003392
37.5972387,127.0348009
37.5987021,127.033713
37.5997846,127.0288147
37.5996973,127.0333264
37.5999242,127.0322171
37.6084672,127.0327961
37.5946714,127.0351047
37.5973443,127.032956
37.6185837,127.054774
37.621641,127.0471649
37.6087957,127.0697429
37.6045234,127.0411906
37.6096369,127.0556178
37.5983496,127.0074133
37.529255,127.1102661
37.5264896,127.1139792
37.5287737,127.115429
37.499491,127.1491268
37.4994528,127.148035
37.49213,127.126346
37.4946844,127.1309801
37.5047528,127.1410936
37.502546,127.140539
37.4970076735,127.148677
37.4969515,127.1490677
37.4954974,127.1524746
37.495769,127.1517511
37.497352,127.1398426
37.494297,127.135206
37.4884717,127.128957
37.481381,127.12578769
37.4996279,127.1463491
37.5005356,127.1501433
37.492714,127.156427
37.500971,127.1246281
37.4852891,127.1275633
37.4914378,127.1228091
37.47807,127.1288062
37.4878179,127.144733
37.5122054,127.1347813
37.5183539,127.1341356
37.4945327,127.142155
37.5091513,127.1219039
37.4965216,127.1293812
37.4962643,127.1429912
37.4955385,127.1436758
37.520487,127.114124
37.517983,127.100154
37.5201866037,127.111310141
37.5225856923,127.104713
37.5217170549,127.104801093
37.5272233,127.1177482
37.4790857762,127.14503993
37.516071,127.115039
37.5130915,127.1205626
37.5091778,127.1317034
37.4780167024,127.140967833
37.4777421,127.1383172
37.4973198,127.130219
37.482753,127.130244
37.4812623,127.131429
37.4820482,127.1324901
37.4821,127.1335388
37.5288075,127.116554
37.5314675,127.1193467
37.5348603,127.1174625
37.5316979,127.1155695
37.535373,127.1204235
37.579194,127.0070179
37.5789295,127.010937
37.581239,127.013846
37.5785149,127.0085733
37.5728828,127.003257
37.5738297,127.0013212
37.577093,127.0038022
37.579374,127.016652
37.5913091,126.994933
37.5733219,127.006604
37.574807,127.019976
37.5760326,127.0143822
37.5788167,127.014631
37.586802,127.003115
37.5888137,127.0000249
37.590282,127.0011512
37.6164603559,127.079322276
37.597980214,127.083170854
37.6033589544,127.080825858
37.6065229379,127.075837192
37.5900865407,127.079339
37.591641,127.078386
37.5999325876,127.073783
37.604148,127.075005849
37.604325,127.079934
37.6090795027,127.073615
37.598738691,127.103840055
37.5772613416,127.087667001
37.5906972297,127.087288729
37.5748929885,127.083439498
37.573952,127.080811
37.5781465129,127.084613
37.5853530544,127.08659412
37.585935,127.085535
37.594150101,127.086921362
37.5917269514,127.08371192
37.5896638101,127.075503052
37.6058146852,127.093521529
37.601635,127.084144329
37.6020259422,127.090151179
37.594978,127.07657
37.6045765325,127.104491417
37.6177489018,127.086812905
37.6135748802,127.092407694
37.6153139538,127.089859141
37.6059759021,127.094726709
37.6029202731,127.094066012
37.6016282675,127.091758753
37.6179517644,127.111328864
37.594475,127.103548706
37.6049335018,127.100154
37.582402,127.096549065
37.5920424099,127.09979528
37.601161,127.103770931
37.5738523443,127.087173975
37.5975273662,127.075968475
37.5981359581,127.076707405
37.6399528,127.0415218
37.663909,127.0337501
37.6300615,127.0531664
37.620104,127.0583403
37.6220342,127.0839719
37.6729891,127.0538421
37.6584916,127.0571879
37.6729961,127.0583945
37.6277997,127.073455
37.6314498,127.0664204
37.6280867,127.0497718
37.6201563,127.0689066
37.6306604,127.0636387
37.665314,127.0545338
37.6703562,127.051697
37.6190947,127.0743124
37.6284101,127.0908683
37.6261807,127.0907314
37.6202094,127.1031045
37.6341554,127.0585939
37.6486389,127.0583969
37.6459862,127.0579053
37.6221913,127.0590589
37.6260598,127.0793393
37.6518268,127.0585549
37.6501743,127.0585831
37.6472479,127.0595472
37.6195839,127.0614119
37.6251733,127.0741992
37.6315737,127.0426625
37.6325809,127.0608833
37.6307731,127.0504465
37.6301842,127.0744422
37.6316035,127.0517608
37.6295527,127.0541581
37.6236377,127.0832445
37.6293273,127.0625158
37.6761817,127.051178
37.6796451,127.0524122
37.6209009,127.0623901
37.6220051,127.0730646
37.6246152,127.0823875
37.6715892,127.0576044
37.6669246,127.0543319
37.6863357,127.043941
37.6869304,127.0490694
37.6577525,127.0733248
37.6591381,127.0659294
37.6512619,127.0805747
37.6506333,127.0733083
37.6706197,127.0793227
37.6342387,127.0729969
37.6412089,127.0702881
37.6516292,127.0648929
37.6676352,127.0602315
37.6544422,127.0749149
37.643675,127.0627998
37.6419018,127.1105799
37.6373098,127.0641846
37.6446671,127.0662919
37.6483947,127.0675588
37.6840158,127.0545483
37.6674014,127.0659975
37.6623788,127.0624803
37.6661101,127.0622322
37.6629434,127.0680941
37.6435986,127.0696523
37.6388337,127.0625711
37.6391947,127.0715493
37.6553093,127.0697294
37.6401235,127.0749579
37.6357596,127.0616188
37.6578374,127.0646253
37.6521427,127.0654868
37.6645766,127.0787389
37.6338288,127.0679151
37.6678352,127.0818153
37.6567091,127.0730576
37.6669434,127.0796289
37.6427188,127.0665541
37.6461776,127.0610376
37.651358,127.0743588
37.6337686,127.072461
37.6732055,127.060783
37.6429813,127.0632431
37.649147,127.0682766
37.656406,127.0777169
37.6497553,127.0850094
37.652884,127.0777305
37.6610286,127.0785108
37.661212,127.0610011
37.6500303,127.0807611
37.6612577,127.0658664
37.6479705,127.0646159
37.6369303,127.0765132
37.6719596,127.0832847
37.6467451,127.0727405
37.6443986,127.073343
37.6339573,127.0731353
37.6340676,127.0709266
37.6460917,127.0829796
